age,income,employment_years,debt,debt_to_income,credit_score,credit_history_length,loan_amount,loan_term,past_default,missed_payments,default
60,72118,18,25690,0.36,655,27,181886,36,0,0,0
50,109703,20,56476,0.51,704,24,294960,12,0,0,0
36,177697,3,86673,0.49,594,11,223216,60,0,0,0
64,153557,21,22468,0.15,680,36,406426,60,0,1,0
29,52076,4,21872,0.42,586,5,137640,36,0,0,0
42,69605,10,11921,0.17,708,20,167861,60,0,0,0
60,109565,21,18627,0.17,707,12,94964,48,0,0,0
40,64121,9,34031,0.53,403,5,142720,24,1,2,1
44,56433,12,10570,0.19,640,17,161542,24,0,1,0
32,68309,6,13305,0.19,625,12,150713,12,0,1,0
32,92468,5,4656,0.05,471,10,122893,60,1,2,0
45,92293,17,48810,0.53,570,6,161646,12,0,0,0
57,121258,4,58922,0.49,629,15,256377,24,0,0,0
61,63405,22,25046,0.4,686,36,112634,24,0,0,0
45,68527,13,31703,0.46,640,10,54813,60,0,0,0
24,102227,3,13660,0.13,614,4,130866,48,0,1,0
43,156564,12,47294,0.3,488,19,392347,48,1,2,1
23,164883,3,40094,0.24,611,2,437524,60,0,0,0
45,118344,20,12021,0.1,679,12,99793,60,0,0,0
51,72153,11,22899,0.32,621,16,207870,12,0,0,0
59,133042,10,74025,0.56,595,14,175889,60,0,0,0
23,79110,1,5698,0.07,446,4,170544,48,1,3,1
42,170051,7,35762,0.21,698,12,404647,60,0,0,0
54,53328,19,8753,0.16,759,29,134912,12,0,0,0
33,137911,11,24959,0.18,657,4,395028,12,0,0,0
43,37867,4,20813,0.55,621,22,48556,12,0,1,0
46,84234,4,25896,0.31,630,14,222905,12,0,0,0
48,50851,8,15584,0.31,554,7,42166,36,0,1,0
63,56279,27,26356,0.47,671,10,127336,60,0,1,0
49,98402,15,13281,0.13,720,22,231731,24,0,0,0
37,40449,3,12862,0.32,545,12,88757,60,0,1,0
36,101221,13,28998,0.29,705,13,114459,36,0,0,0
24,114080,3,43156,0.38,578,1,306031,12,0,0,0
58,30451,4,18263,0.6,568,8,28080,36,0,0,0
28,112178,5,53082,0.47,630,5,71130,48,0,0,0
42,88761,15,23861,0.27,622,11,203587,48,0,2,0
30,63870,4,32264,0.51,383,6,107856,60,1,2,1
60,121566,6,17492,0.14,759,37,318836,60,0,0,0
39,148749,3,9929,0.07,707,18,216949,24,0,0,0
25,148765,1,24166,0.16,616,6,136967,24,0,0,0
46,149881,19,35555,0.24,684,20,388357,48,0,0,0
35,153389,12,50744,0.33,423,7,287186,12,1,4,1
30,50372,2,19560,0.39,558,5,49011,36,0,0,0
47,28642,7,15776,0.55,654,16,65904,24,0,0,0
23,59064,1,19515,0.33,413,3,105003,24,1,3,1
41,39122,5,12742,0.33,595,5,78665,12,0,1,0
49,93431,21,7253,0.08,673,15,154370,12,0,1,0
28,80745,3,5587,0.07,668,2,207657,60,0,1,0
29,75081,3,26513,0.35,679,6,193251,36,0,0,0
56,164783,9,47951,0.29,668,31,374629,12,0,0,0
35,174865,8,89452,0.51,591,12,133510,24,0,1,0
38,164271,7,22730,0.14,673,7,426633,24,0,1,0
57,101253,24,6453,0.06,593,34,220481,48,1,1,0
61,61191,10,18171,0.3,688,28,137224,12,0,0,0
25,35211,4,6359,0.18,663,1,49557,60,0,0,0
23,136086,2,10517,0.08,583,1,367187,36,0,0,0
27,177614,1,79665,0.45,615,3,410897,60,0,0,0
63,126971,17,14141,0.11,616,11,99224,24,0,1,0
25,118783,4,45681,0.38,358,6,180484,60,1,4,1
50,150681,23,30825,0.2,694,17,409242,24,0,1,0
39,112893,8,16417,0.15,605,17,69766,24,0,0,0
47,102960,12,26652,0.26,682,12,298948,24,0,0,0
55,109388,27,53687,0.49,711,10,240424,24,0,0,0
31,47601,6,12645,0.27,357,6,98935,24,1,4,1
57,174092,4,80591,0.46,626,10,204801,48,0,0,0
35,164227,12,19545,0.12,534,9,184259,60,1,2,0
52,44710,9,21238,0.48,564,28,127653,48,0,1,0
36,133714,9,24110,0.18,643,10,166565,48,0,1,0
29,153727,2,64959,0.42,633,6,374903,12,0,0,0
35,174673,2,63088,0.36,629,5,259005,12,0,0,0
44,88227,8,49497,0.56,554,5,74828,12,0,1,0
61,161039,27,42357,0.26,656,11,84833,36,0,0,0
42,109289,7,9441,0.09,680,14,203347,12,0,1,0
37,176094,4,10659,0.06,580,5,517618,60,0,2,0
39,30722,5,15507,0.5,575,9,43712,48,0,0,0
45,106050,12,35909,0.34,603,15,147725,60,0,1,0
47,108596,22,51733,0.48,519,13,147715,12,1,1,1
46,91732,11,16413,0.18,614,8,165242,36,0,0,0
62,168369,21,40374,0.24,650,17,269670,36,0,1,0
50,93323,22,6211,0.07,724,27,251952,48,0,0,0
36,48816,8,28255,0.58,643,12,86101,60,0,0,0
22,65695,0,27416,0.42,534,2,116240,24,0,0,0
46,175774,8,99006,0.56,580,5,148692,60,0,1,0
28,80841,3,15846,0.2,644,8,239034,12,0,1,0
30,153498,4,59297,0.39,340,8,172674,24,1,3,1
45,132096,10,55899,0.42,537,11,90275,36,0,1,0
22,117764,2,26455,0.22,680,3,254118,48,0,0,0
29,110744,3,57194,0.52,558,4,220205,48,0,0,0
45,53482,11,30534,0.57,709,15,82248,36,0,0,0
32,34171,7,18338,0.54,546,9,53152,12,0,0,0
38,125755,7,57405,0.46,574,7,309691,36,0,1,0
29,133125,7,26971,0.2,611,9,131698,12,0,1,0
56,155722,19,31905,0.2,705,27,397189,24,0,0,0
56,131082,11,76007,0.58,642,22,278138,36,0,0,0
54,28696,21,1597,0.06,720,11,44404,12,0,0,0
26,151310,3,67155,0.44,586,1,248915,24,0,0,0
63,176130,21,77221,0.44,633,19,201073,36,0,0,0
60,176385,18,69227,0.39,498,30,419846,48,1,3,1
62,44149,19,26249,0.59,652,17,78681,36,0,0,0
49,155064,19,34351,0.22,652,17,201914,60,0,1,0
28,78521,1,18608,0.24,607,7,156266,36,0,1,0
30,70740,4,6608,0.09,633,3,211465,60,0,1,0
29,131611,1,38632,0.29,559,7,209018,24,0,1,0
33,161028,9,31171,0.19,622,3,451156,36,0,1,0
55,91641,10,21889,0.24,681,32,124864,24,0,0,0
54,88811,26,45206,0.51,687,19,56557,24,0,0,0
44,88232,12,49808,0.56,598,7,89167,12,0,0,0
45,40417,17,6149,0.15,661,11,62514,24,0,1,0
58,137492,31,35043,0.25,439,19,144241,24,1,4,1
56,55099,26,30896,0.56,651,27,27580,36,0,1,0
61,168674,30,14167,0.08,648,30,470179,36,0,2,0
43,143474,9,14461,0.1,644,15,374423,48,0,1,0
48,34256,14,4779,0.14,702,8,80697,12,0,0,0
56,59681,10,22521,0.38,649,11,54878,24,0,0,0
22,116328,0,15443,0.13,638,1,93168,12,0,0,0
56,68361,17,39816,0.58,435,22,45734,60,1,4,1
58,59540,20,17605,0.3,739,32,137541,24,0,0,0
35,109700,5,35744,0.33,652,8,309575,12,0,0,0
24,103532,2,19221,0.19,567,1,163201,48,0,2,0
22,152626,2,47165,0.31,594,2,121772,48,0,1,0
26,158943,3,65810,0.41,656,6,283074,24,0,0,0
47,71002,17,32884,0.46,502,20,97420,60,1,1,1
35,74812,11,34759,0.46,439,13,107509,48,1,3,1
60,178698,33,65732,0.37,663,16,366925,48,0,1,0
48,133946,15,73321,0.55,566,10,307646,60,0,1,0
30,91668,7,45794,0.5,604,9,71181,12,0,0,0
36,124003,13,57832,0.47,634,11,73034,48,0,0,0
36,67998,13,5479,0.08,572,7,203030,36,0,2,0
47,129601,5,6970,0.05,718,20,140205,48,0,0,0
63,32812,17,5474,0.17,683,34,20821,12,0,1,0
34,86844,5,36034,0.41,621,10,84645,12,0,0,0
53,158251,5,43702,0.28,664,23,94538,24,0,1,0
60,99601,22,27024,0.27,475,19,147362,36,1,3,1
53,164347,21,88175,0.54,697,20,411854,12,0,0,0
25,72857,4,39529,0.54,527,3,98583,60,0,1,0
51,150555,6,82812,0.55,558,26,242462,36,0,1,0
58,45700,28,10174,0.22,686,31,100035,36,0,1,0
44,118330,14,50891,0.43,569,20,209708,60,0,0,0
60,169941,24,33885,0.2,711,8,450957,48,0,0,0
36,177026,13,27409,0.15,648,13,471790,60,0,0,0
64,88353,24,13389,0.15,682,33,46365,60,0,1,0
50,125772,10,29953,0.24,697,21,307527,48,0,0,0
57,116502,26,33375,0.29,718,28,192441,48,0,0,0
34,138943,5,70447,0.51,594,12,412952,48,0,0,0
53,134850,4,15634,0.12,534,18,230334,48,0,2,0
28,70095,6,31837,0.45,603,5,207988,48,0,1,0
43,170342,8,58308,0.34,650,7,406508,60,0,0,0
49,40523,19,8443,0.21,706,14,45447,24,0,1,0
23,87433,1,28070,0.32,552,3,161400,24,0,1,0
63,44991,31,9671,0.21,562,33,134088,12,1,1,0
27,35775,2,13517,0.38,552,3,94582,24,0,2,0
49,109995,24,31746,0.29,666,9,81772,24,0,0,0
49,172745,20,24257,0.14,727,20,391428,60,0,0,0
41,147808,4,16867,0.11,618,4,201602,48,0,2,0
51,162686,16,57051,0.35,661,10,84182,48,0,0,0
32,32415,11,17709,0.55,560,3,48904,60,0,1,0
49,173036,13,41386,0.24,664,9,188070,24,0,0,0
46,62044,6,28115,0.45,563,9,158036,60,0,0,0
60,74976,18,30909,0.41,695,19,100717,12,0,0,0
54,28832,16,16213,0.56,667,17,74063,48,0,0,0
22,59148,2,29665,0.5,600,3,29662,36,0,0,0
48,137230,17,49626,0.36,616,16,174220,12,0,0,0
34,110076,6,45281,0.41,578,11,121404,12,0,1,0
62,63402,11,34497,0.54,658,12,68722,60,0,0,0
24,63578,3,17149,0.27,602,2,42626,24,0,0,0
60,115453,16,26523,0.23,741,29,111736,48,0,0,0
27,178390,1,9980,0.06,428,2,336956,36,1,3,1
29,100715,8,50821,0.5,622,5,123718,12,0,0,0
48,136435,17,66926,0.49,634,18,210585,36,0,0,0
30,176538,6,18969,0.11,582,7,254597,24,0,2,0
58,120742,27,44345,0.37,637,8,324767,24,0,1,0
54,70475,16,21508,0.31,413,15,194739,36,1,3,1
63,85142,30,9816,0.12,718,29,147499,48,0,1,0
45,178484,12,105182,0.59,480,8,236560,24,0,1,0
36,118526,2,19922,0.17,634,12,90909,36,0,0,0
53,76001,13,6610,0.09,728,25,219149,12,0,0,0
53,82649,15,31172,0.38,718,31,53768,36,0,0,0
45,169228,16,77231,0.46,605,9,210540,36,0,1,0
62,179136,7,12153,0.07,639,34,223053,60,0,1,0
33,50711,2,20907,0.41,599,8,65975,24,0,1,0
60,55106,11,18888,0.34,584,19,50185,48,0,1,0
23,90458,1,9660,0.11,655,1,222337,48,0,0,0
24,172661,3,25016,0.14,609,4,139207,60,0,0,0
58,155429,11,56325,0.36,542,14,324421,48,0,2,0
38,126754,10,26998,0.21,627,9,102621,36,0,0,0
23,163286,2,92431,0.57,534,1,110436,60,0,1,0
23,151479,2,75786,0.5,539,3,420138,12,0,1,0
49,161213,21,95270,0.59,662,22,157234,24,0,0,0
44,53884,9,10389,0.19,454,18,137572,24,1,3,1
58,27708,25,16163,0.58,599,16,51580,24,0,0,0
53,43375,13,12456,0.29,662,11,30130,36,0,0,0
54,40088,12,9666,0.24,591,23,115799,12,0,1,0
22,82615,3,6418,0.08,581,2,92314,60,0,1,0
40,135138,5,10678,0.08,651,7,357995,60,0,0,0
23,35014,0,15077,0.43,498,3,32283,24,0,2,0
47,159345,18,48100,0.3,601,25,419851,12,0,1,0
53,127842,5,22319,0.17,725,25,68148,12,0,0,0
27,103077,6,39961,0.39,584,6,183420,12,0,2,0
53,164784,14,31156,0.19,557,30,399371,48,1,3,1
25,77874,5,28634,0.37,642,2,220927,48,0,0,0
32,94087,8,23292,0.25,632,8,260903,24,0,0,0
38,37297,10,18758,0.5,616,17,95072,12,0,0,0
59,52128,31,26136,0.5,606,12,141813,12,0,1,0
45,93368,10,29181,0.31,679,18,93185,60,0,1,0
26,103958,6,25256,0.24,630,4,125837,60,0,0,0
55,57920,7,14445,0.25,708,22,70802,24,0,0,0
27,167228,3,82467,0.49,630,6,241248,12,0,0,0
43,167180,7,38534,0.23,677,21,247978,24,0,0,0
32,158872,6,26211,0.16,574,10,295722,60,0,1,0
37,158682,4,15325,0.1,608,4,142766,60,0,1,0
54,102603,24,31466,0.31,671,28,228611,48,0,1,0
30,58872,8,18554,0.32,624,4,54098,24,0,1,0
27,35728,6,18310,0.51,514,4,45580,24,0,2,0
37,120102,3,20619,0.17,612,9,211182,12,0,0,0
50,147049,17,38165,0.26,708,17,366313,12,0,0,0
24,45583,2,22546,0.49,539,3,107059,48,0,1,0
41,110774,7,55718,0.5,550,19,234158,36,0,0,0
57,163335,13,42717,0.26,700,27,145275,36,0,0,0
40,151374,8,45793,0.3,664,14,282708,36,0,0,0
47,175528,17,38055,0.22,597,6,126137,24,0,1,0
24,116118,3,65363,0.56,534,4,167605,24,0,1,0
40,90942,9,10481,0.12,705,18,139486,60,0,0,0
41,38689,3,21803,0.56,575,17,23195,24,0,1,0
53,58276,5,24832,0.43,562,7,69055,24,0,0,0
28,126968,1,43469,0.34,642,2,366826,24,0,0,0
62,175945,34,11957,0.07,748,15,507439,48,0,1,0
54,38050,3,11855,0.31,394,10,52540,24,1,3,1
61,91216,7,25017,0.27,606,20,55436,12,0,0,0
60,109040,13,15120,0.14,748,35,103341,12,0,0,0
39,46644,13,19171,0.41,576,11,69058,60,0,1,0
61,87021,33,50831,0.58,623,9,249702,48,0,1,0
22,67291,2,24171,0.36,628,1,57399,12,0,1,0
32,157610,8,69839,0.44,559,3,379649,48,0,0,0
49,66520,14,5830,0.09,652,6,51333,48,0,0,0
46,50675,4,14174,0.28,592,11,149650,60,0,1,0
44,174359,20,19876,0.11,652,10,253525,48,0,2,0
52,25174,21,9743,0.39,750,25,61376,24,0,1,0
51,117268,18,66393,0.57,665,29,159071,48,0,0,0
63,59998,28,24837,0.41,595,20,124146,60,0,1,0
56,168184,23,15513,0.09,670,19,164827,60,0,1,0
28,130410,5,31959,0.25,613,7,112811,60,0,0,0
37,100225,14,35365,0.35,661,7,285156,12,0,0,0
47,69814,21,18972,0.27,638,8,195068,24,0,1,0
23,110091,2,55981,0.51,512,3,299301,12,0,1,0
22,75719,2,37713,0.5,553,0,156252,36,0,0,0
33,154887,2,59864,0.39,602,9,390419,24,0,0,0
26,58919,4,15048,0.26,619,4,39628,48,0,0,0
58,98155,5,18692,0.19,664,17,131230,60,0,0,0
53,96569,17,10451,0.11,616,14,124019,36,0,2,0
30,66328,9,16263,0.25,683,8,138566,24,0,0,0
62,49618,21,13756,0.28,660,11,68963,12,0,0,0
56,59675,16,25165,0.42,588,13,51992,60,0,1,0
40,43919,7,18094,0.41,552,15,87450,12,0,1,0
37,29173,3,2583,0.09,657,11,73981,24,0,0,0
24,134369,3,35929,0.27,585,1,195548,24,0,1,0
41,51400,5,7708,0.15,621,18,42696,36,0,0,0
45,95305,4,12985,0.14,650,12,94515,48,0,0,0
54,113791,14,57466,0.51,692,28,124454,12,0,0,0
45,95533,17,6979,0.07,732,20,119391,36,0,0,0
32,128591,8,36076,0.28,611,8,270939,60,0,1,0
29,166650,1,23749,0.14,661,6,333693,48,0,0,0
57,156060,16,83278,0.53,613,34,349605,36,0,1,0
59,174696,19,62256,0.36,636,12,245667,12,0,0,0
61,64194,23,11378,0.18,767,30,164336,24,0,0,0
41,134903,12,44023,0.33,663,7,136281,60,0,0,0
56,156461,13,70770,0.45,618,16,261696,12,0,0,0
46,124303,13,71718,0.58,514,11,311049,48,0,1,0
56,138903,16,23786,0.17,698,32,132012,48,0,0,0
46,92391,20,49650,0.54,673,24,71571,24,0,0,0
50,169866,15,95781,0.56,516,10,460202,24,0,2,0
39,83002,8,45985,0.55,601,4,112660,60,0,0,0
39,60531,8,24180,0.4,676,14,133753,60,0,0,0
23,29986,2,11886,0.4,595,2,16893,24,0,0,0
56,57298,25,15571,0.27,684,9,127494,24,0,0,0
37,26481,9,12282,0.46,643,12,34167,48,0,0,0
62,81408,24,27858,0.34,664,25,52048,24,0,0,0
57,146950,24,62099,0.42,679,34,297504,36,0,0,0
54,172907,16,49391,0.29,684,12,190545,12,0,0,0
25,150355,2,68009,0.45,513,3,220573,24,0,2,0
54,52798,25,26581,0.5,668,20,37035,60,0,0,0
35,116649,6,15227,0.13,667,12,101240,36,0,0,0
42,89887,10,45672,0.51,650,14,111904,60,0,0,0
41,44477,18,15440,0.35,634,14,32219,36,0,1,0
29,173338,1,89193,0.51,514,3,481371,24,0,2,0
28,152815,2,43890,0.29,661,7,78717,12,0,0,0
24,152426,2,39397,0.26,669,3,260595,60,0,0,0
38,167961,15,92930,0.55,674,5,135732,36,0,0,0
54,49335,5,9282,0.19,660,23,62615,48,0,0,0
33,167326,1,86058,0.51,659,5,471047,24,0,0,0
43,111610,3,35292,0.32,547,6,100921,12,0,1,0
43,36442,4,12126,0.33,706,20,106213,24,0,0,0
51,71289,4,15659,0.22,639,17,72321,48,0,0,0
59,78747,17,28756,0.37,644,29,185363,12,0,1,0
59,62327,20,14264,0.23,648,16,116345,48,0,1,0
29,172271,3,12334,0.07,635,8,467060,24,0,0,0
48,97827,11,19526,0.2,660,8,184402,36,0,0,0
48,131464,4,7034,0.05,432,13,241420,24,1,3,1
55,156184,12,91851,0.59,572,32,154410,24,0,1,0
42,112051,11,65119,0.58,579,18,102590,24,0,1,0
51,175653,20,46958,0.27,513,18,490286,60,1,3,1
54,84722,3,38176,0.45,610,15,111798,48,0,0,0
49,117036,13,28111,0.24,718,25,167385,48,0,0,0
54,172595,11,72334,0.42,583,20,414151,48,0,1,0
26,91960,5,45335,0.49,557,5,123875,60,0,0,0
40,44552,13,25426,0.57,636,16,128316,36,0,0,0
25,166880,3,45077,0.27,670,1,391303,24,0,0,0
56,179692,11,86398,0.48,626,10,358229,36,0,0,0
38,25887,14,5080,0.2,698,13,69952,60,0,0,0
49,56802,4,33779,0.59,632,9,35445,48,0,0,0
51,110024,5,7060,0.06,673,12,125719,24,0,0,0
50,143639,11,54861,0.38,664,27,238812,12,0,0,0
27,143248,1,59122,0.41,614,5,152909,12,0,0,0
56,106938,29,45814,0.43,717,27,252348,36,0,0,0
62,147746,28,17170,0.12,656,25,413396,48,0,1,0
58,51049,11,28903,0.57,601,23,79607,12,0,1,0
45,102789,13,15382,0.15,667,7,139313,36,0,0,0
50,109526,25,42990,0.39,645,14,318050,60,0,0,0
52,163918,24,28271,0.17,696,13,264257,36,0,0,0
56,71220,19,15594,0.22,434,17,122685,36,1,3,1
54,71163,26,24946,0.35,578,27,98142,36,0,2,0
42,159837,19,44667,0.28,670,11,443367,24,0,0,0
53,142126,21,19631,0.14,694,18,273221,36,0,1,0
44,106486,3,15335,0.14,388,12,256145,36,1,4,1
54,100277,13,28075,0.28,623,9,253652,24,0,0,0
24,129245,4,60293,0.47,569,3,175078,24,0,0,0
39,147332,5,80131,0.54,609,7,233408,60,0,0,0
46,47931,19,4614,0.1,481,9,125635,48,1,4,1
63,114116,8,30378,0.27,630,11,160691,12,0,1,0
52,80633,4,8477,0.11,710,15,200359,12,0,0,0
24,76913,2,4547,0.06,401,4,219392,36,1,3,1
61,119776,5,49580,0.41,628,16,246502,60,0,0,0
45,50991,20,19445,0.38,685,11,120036,36,0,0,0
53,129092,23,18029,0.14,677,22,324375,12,0,0,0
43,166633,16,29760,0.18,611,8,435345,24,0,1,0
44,172973,14,10904,0.06,739,21,257320,48,0,0,0
23,120556,1,61389,0.51,407,2,75728,60,1,2,1
48,87875,13,51501,0.59,588,15,132224,24,0,0,0
63,87120,23,10846,0.12,681,26,190304,48,0,0,0
23,158060,2,28025,0.18,449,1,256985,60,1,3,1
47,135041,8,71251,0.53,560,18,320372,60,0,0,0
38,153467,9,85873,0.56,620,9,213696,12,0,0,0
61,170328,19,47827,0.28,660,35,355450,24,0,1,0
54,143490,28,11169,0.08,707,11,138618,60,0,1,0
30,151155,8,10832,0.07,596,6,358754,60,0,1,0
64,53230,19,19464,0.37,766,28,99233,48,0,0,0
60,84778,22,22558,0.27,643,9,85639,12,0,1,0
50,70833,19,4657,0.07,722,14,87108,36,0,0,0
63,47625,5,17658,0.37,645,32,112943,12,0,0,0
47,57088,21,3209,0.06,582,22,97420,36,1,1,0
56,128937,26,62283,0.48,656,15,134104,24,0,0,0
46,101361,11,22151,0.22,694,21,295789,24,0,1,0
45,113229,10,8168,0.07,717,23,259046,60,0,0,0
34,160189,4,59845,0.37,642,12,463400,24,0,0,0
28,115265,4,30974,0.27,597,2,180708,60,0,1,0
57,122718,5,71862,0.59,644,27,207117,12,0,0,0
41,85710,16,29939,0.35,465,9,235264,24,1,1,1
22,119876,0,24140,0.2,467,3,217290,12,1,3,1
29,55949,3,24628,0.44,493,5,126903,12,0,2,0
37,178619,14,35602,0.2,656,5,201916,24,0,0,0
35,93136,10,50976,0.55,577,12,150583,12,0,2,0
33,136541,4,34967,0.26,689,6,110410,24,0,0,0
44,86842,7,30605,0.35,681,23,88140,24,0,0,0
36,51990,1,4045,0.08,654,15,26117,24,0,0,0
49,172265,18,48986,0.28,687,20,103042,36,0,0,0
55,55109,4,27984,0.51,606,10,162197,12,0,0,0
23,155356,2,76607,0.49,592,3,171805,48,0,0,0
53,175305,27,30393,0.17,659,9,378356,24,0,0,0
44,153133,4,26697,0.17,680,5,397801,12,0,0,0
43,26306,18,13140,0.5,473,19,49367,60,1,2,1
46,28849,22,16205,0.56,606,9,25469,24,0,0,0
43,37360,3,3827,0.1,648,11,86686,24,0,0,0
43,136072,17,40485,0.3,691,22,272229,48,0,0,0
63,119767,20,28217,0.24,609,19,278832,36,0,1,0
27,79330,6,41955,0.53,574,3,192324,36,0,1,0
36,76707,8,7359,0.1,648,15,225405,24,0,1,0
64,43689,25,7257,0.17,745,12,84490,12,0,0,0
58,54084,19,25087,0.46,539,29,73235,60,1,1,1
54,65387,25,5114,0.08,679,32,138696,60,0,1,0
29,99816,6,32030,0.32,556,9,66986,12,0,1,0
26,27642,3,8103,0.29,610,5,75835,24,0,0,0
60,67137,29,15704,0.23,698,17,53605,60,0,0,0
25,87260,1,23299,0.27,558,2,115148,36,0,1,0
27,171510,1,58565,0.34,616,6,435526,12,0,0,0
53,73442,7,10190,0.14,681,28,146390,48,0,0,0
51,128061,11,46690,0.36,661,18,190053,24,0,0,0
56,159066,10,78417,0.49,608,14,267801,12,0,0,0
61,150844,32,70608,0.47,544,11,397680,60,1,1,1
37,124575,3,16773,0.13,635,4,168177,24,0,0,0
34,26813,9,3541,0.13,707,11,71701,36,0,0,0
63,118027,10,23309,0.2,623,22,85019,24,0,2,0
51,148489,23,36913,0.25,718,27,362609,24,0,0,0
40,109381,17,30041,0.27,627,15,286454,36,0,1,0
38,80276,8,34023,0.42,569,6,76626,36,0,0,0
40,66243,15,5377,0.08,656,13,104390,24,0,2,0
49,85272,3,5889,0.07,615,15,77917,36,0,1,0
47,90618,19,24063,0.27,684,17,205386,12,0,0,0
58,26920,10,11668,0.43,631,28,49488,36,0,1,0
47,131121,21,20505,0.16,706,22,273821,36,0,0,0
44,101872,2,41036,0.4,594,20,100977,24,0,2,0
30,106132,5,20473,0.19,522,4,109248,12,0,2,0
33,27093,9,14558,0.54,645,3,16357,48,0,0,0
22,37905,1,20568,0.54,595,2,49472,48,0,0,0
22,146759,0,31334,0.21,613,1,278748,60,0,0,0
55,55981,5,9880,0.18,655,15,148060,36,0,0,0
53,98903,11,27318,0.28,577,7,214354,36,0,0,0
46,95821,13,17467,0.18,659,18,152210,12,0,0,0
61,134200,7,56338,0.42,616,13,386871,48,0,0,0
22,107289,1,54109,0.5,366,2,246562,60,1,3,1
37,141506,2,59460,0.42,620,16,399812,12,0,1,0
60,103513,28,52107,0.5,712,10,188287,36,0,0,0
26,175946,1,47214,0.27,583,2,201855,48,0,1,0
43,163746,7,22265,0.14,669,10,103498,60,0,0,0
50,75516,3,34425,0.46,362,25,174835,24,1,4,1
24,94212,2,23389,0.25,349,2,75676,48,1,3,1
33,158498,10,66442,0.42,560,6,199222,60,0,1,0
47,155970,10,31015,0.2,607,7,285608,12,0,1,0
37,115009,4,10888,0.09,659,13,219786,24,0,1,0
58,69816,25,41604,0.6,663,19,139733,60,0,0,0
43,29138,16,3960,0.14,663,18,26679,60,0,1,0
50,116176,7,68965,0.59,570,26,168378,36,0,1,0
35,100945,10,59305,0.59,300,6,206229,48,1,4,1
49,29017,23,14119,0.49,610,23,84861,36,0,0,0
26,35451,1,14630,0.41,542,1,82213,24,0,0,0
51,118863,21,43717,0.37,461,27,333590,60,1,3,1
26,35278,4,18568,0.53,478,5,84862,36,1,1,1
33,68764,6,14384,0.21,643,12,136104,48,0,1,0
37,148030,2,45478,0.31,597,3,145078,24,0,1,0
47,157206,4,61414,0.39,602,9,340620,12,0,0,0
47,87943,20,24285,0.28,668,13,181026,36,0,1,0
42,120667,19,34404,0.29,418,11,242078,24,1,3,1
60,79318,24,18374,0.23,499,15,136781,12,1,3,1
57,128423,16,46274,0.36,533,18,233940,36,0,2,0
54,128998,19,66797,0.52,594,10,172355,24,0,0,0
51,85128,17,13692,0.16,701,16,153084,24,0,1,0
58,46869,14,26431,0.56,467,30,46582,36,1,2,1
44,30039,3,12886,0.43,557,13,75486,24,0,1,0
31,177353,8,89173,0.5,588,2,171046,60,0,1,0
26,137935,2,49091,0.36,642,3,98267,36,0,0,0
57,35442,26,16967,0.48,633,8,56374,24,0,0,0
55,98788,10,5819,0.06,653,32,211976,12,0,2,0
52,144729,3,72380,0.5,603,9,230740,12,0,0,0
31,52586,2,3790,0.07,356,9,62676,60,1,3,1
40,78053,9,42105,0.54,363,19,147943,36,1,3,1
53,111346,26,66315,0.6,694,27,152266,24,0,0,0
22,92087,0,19498,0.21,597,2,260805,24,0,0,0
26,168697,5,27948,0.17,622,6,473467,12,0,1,0
25,59397,3,27973,0.47,565,6,104296,60,0,1,0
37,83671,12,15827,0.19,665,12,110421,12,0,1,0
45,141214,8,74286,0.53,355,15,330840,12,1,3,1
37,91897,13,9792,0.11,695,12,54383,60,0,0,0
23,161355,3,19245,0.12,640,2,272193,36,0,0,0
49,163682,8,96332,0.59,451,19,219466,24,1,1,1
53,39924,6,16792,0.42,391,18,111840,36,1,3,1
48,138143,21,71252,0.52,640,10,73216,48,0,0,0
41,135253,17,30889,0.23,640,6,254551,48,0,1,0
45,125297,3,52883,0.42,566,6,294655,48,0,1,0
33,25869,9,9748,0.38,583,5,44301,60,0,1,0
56,122088,27,46604,0.38,648,8,87110,12,0,0,0
54,26014,25,11066,0.43,664,21,76251,36,0,0,0
54,35103,27,12863,0.37,512,14,63010,24,1,1,1
64,135317,29,38698,0.29,718,35,275433,48,0,0,0
58,107409,16,21670,0.2,689,10,117239,36,0,0,0
33,48248,4,22807,0.47,618,5,82443,48,0,0,0
24,33024,1,5761,0.17,556,4,51942,48,0,1,0
22,110947,2,47795,0.43,486,2,76247,24,0,2,0
54,175368,22,31273,0.18,581,8,134226,60,0,2,0
61,116829,10,46022,0.39,679,35,303017,12,0,0,0
31,117708,9,54250,0.46,528,10,129425,60,0,1,0
64,111664,27,19015,0.17,650,19,110256,36,0,1,0
50,174329,15,14463,0.08,654,14,307216,60,0,0,0
34,168927,6,20615,0.12,684,14,409118,36,0,0,0
33,110178,7,42231,0.38,624,9,72151,36,0,0,0
52,126121,7,65229,0.52,530,19,244929,12,0,2,0
23,45025,1,3365,0.07,615,3,35931,24,0,0,0
56,160530,6,72845,0.45,391,15,94897,12,1,3,1
44,88610,5,21064,0.24,493,13,55989,60,1,1,0
38,95843,8,30017,0.31,682,7,247793,36,0,0,0
47,132237,13,74168,0.56,623,21,105119,48,0,1,0
29,155299,1,36120,0.23,608,6,95179,48,0,0,0
50,30668,21,9382,0.31,692,21,48907,36,0,0,0
47,98233,8,5650,0.06,625,10,256386,12,0,2,0
31,106982,9,10150,0.09,421,4,123673,24,1,3,1
47,131133,22,25207,0.19,472,15,203817,12,1,2,1
55,35751,8,2335,0.07,653,26,21443,36,0,0,0
62,71218,18,28291,0.4,712,24,115565,36,0,0,0
28,151649,1,43147,0.28,608,2,294810,24,0,0,0
25,32352,3,11371,0.35,582,5,62350,60,0,1,0
32,113835,7,16626,0.15,590,3,151521,60,0,1,0
50,122493,8,26061,0.21,650,27,157873,24,0,0,0
57,53927,19,22385,0.42,608,8,41338,60,0,0,0
46,126948,7,73746,0.58,494,19,179884,48,0,2,0
42,54493,5,4235,0.08,645,6,40800,60,0,1,0
57,56707,21,30605,0.54,679,32,137031,60,0,1,0
31,163368,4,60002,0.37,575,6,476329,60,0,1,0
58,60842,20,21912,0.36,612,11,177974,48,0,0,0
30,38261,4,12440,0.33,593,5,101876,60,0,1,0
45,101709,21,8967,0.09,732,8,203619,48,0,0,0
56,120985,7,12029,0.1,702,12,272478,24,0,0,0
56,131616,16,50080,0.38,648,32,159652,12,0,1,0
57,92173,22,21893,0.24,688,19,191436,24,0,0,0
39,56781,7,31484,0.55,570,15,93071,12,0,1,0
60,38652,32,10576,0.27,544,27,65903,24,1,3,1
53,30103,21,3877,0.13,701,23,72079,12,0,1,0
45,50500,15,22376,0.44,616,7,60842,12,0,0,0
44,125336,16,26489,0.21,656,9,162322,36,0,0,0
53,138499,26,46952,0.34,648,26,389404,12,0,1,0
58,174524,29,75709,0.43,601,35,111793,12,0,2,0
33,74393,9,40554,0.55,456,5,127515,36,1,2,1
34,72406,9,35167,0.49,582,6,201433,60,0,0,0
44,88059,5,37160,0.42,557,13,178399,60,0,2,0
46,172026,4,72904,0.42,443,24,321003,36,1,2,1
56,107722,18,61429,0.57,614,14,121118,48,0,0,0
62,37356,4,7945,0.21,665,21,50736,12,0,0,0
51,153128,14,7750,0.05,740,27,402745,12,0,0,0
38,27187,4,5425,0.2,628,4,51602,36,0,0,0
41,102243,7,17364,0.17,574,5,182693,36,0,1,0
46,60098,18,24881,0.41,659,17,45010,48,0,0,0
43,177297,18,70660,0.4,562,20,95752,60,0,2,0
34,159678,2,60103,0.38,653,5,464537,24,0,0,0
40,82620,10,4869,0.06,635,11,119176,60,0,1,0
57,151270,27,68196,0.45,656,20,303755,12,0,0,0
33,39387,2,8977,0.23,652,7,27542,36,0,1,0
62,94463,29,39275,0.42,721,27,208554,48,0,0,0
40,158663,7,56502,0.36,605,11,449241,60,0,0,0
33,116683,4,27829,0.24,472,7,226267,48,1,1,1
30,87061,9,10797,0.12,676,6,70979,60,0,0,0
28,106257,2,10830,0.1,612,6,207658,12,0,1,0
49,86753,18,44012,0.51,670,17,209583,24,0,0,0
35,109774,11,60937,0.56,594,13,166421,48,0,0,0
52,167159,4,68097,0.41,591,7,451261,48,0,1,0
40,48408,12,5174,0.11,624,17,102707,24,0,0,0
37,149116,14,40427,0.27,622,15,409789,48,0,1,0
26,156208,1,70436,0.45,571,3,321595,48,0,0,0
56,42413,27,20311,0.48,656,19,35127,60,0,0,0
33,138650,7,15947,0.12,656,7,176671,60,0,0,0
46,84500,14,4226,0.05,722,9,84879,24,0,0,0
42,109514,12,48369,0.44,555,11,303580,12,0,1,0
57,81358,12,20024,0.25,588,9,195340,48,0,0,0
44,91197,19,17324,0.19,648,10,199812,12,0,0,0
37,101240,14,5780,0.06,727,14,126794,24,0,0,0
60,41322,22,14345,0.35,624,16,39673,24,0,0,0
63,138053,29,71529,0.52,640,34,330102,60,0,1,0
60,31968,22,18435,0.58,640,24,53878,48,0,1,0
35,52518,7,18967,0.36,634,13,55904,36,0,0,0
52,76925,19,25612,0.33,712,20,157046,24,0,0,0
26,136900,3,13249,0.1,581,1,82254,48,0,0,0
56,118422,19,41670,0.35,675,25,155775,12,0,0,0
44,26700,16,6914,0.26,695,6,44626,60,0,0,0
50,118782,13,45603,0.38,577,16,103327,12,0,1,0
64,48199,5,12714,0.26,550,39,142747,24,1,2,1
32,30520,3,5559,0.18,629,4,31214,24,0,0,0
39,134814,8,13782,0.1,682,9,111340,12,0,0,0
33,148364,9,33115,0.22,472,10,149675,24,1,3,1
30,39955,6,4121,0.1,677,9,96797,48,0,0,0
31,169989,7,25038,0.15,639,8,265822,24,0,0,0
38,89925,8,53328,0.59,528,7,172075,60,0,2,0
59,132216,21,38905,0.29,682,27,73052,48,0,0,0
28,95269,3,32632,0.34,581,4,55835,36,0,1,0
34,66458,6,35255,0.53,566,11,107300,24,0,0,0
61,114037,26,68144,0.6,686,37,289840,24,0,0,0
63,177185,31,65645,0.37,754,31,480720,60,0,0,0
30,124977,4,62096,0.5,592,9,89579,60,0,0,0
48,68939,3,15843,0.23,666,6,127255,12,0,0,0
23,54345,1,11855,0.22,717,3,151246,12,0,0,0
26,135107,0,36679,0.27,620,6,198598,12,0,0,0
50,146866,17,61665,0.42,613,7,378020,60,0,1,0
58,94166,13,40039,0.43,689,32,78556,12,0,0,0
59,122406,19,27343,0.22,691,15,347447,12,0,0,0
40,74298,9,9158,0.12,661,14,176722,36,0,1,0
29,69942,1,27824,0.4,560,8,199568,12,0,1,0
22,28453,1,3430,0.12,578,2,62355,24,0,1,0
43,127811,6,47056,0.37,572,6,180023,60,0,0,0
38,79935,7,34482,0.43,433,12,227451,48,1,2,1
28,147439,2,64185,0.44,625,5,175292,36,0,0,0
46,33328,19,15477,0.46,596,23,44340,60,0,1,0
25,40534,1,21485,0.53,585,3,91283,60,0,0,0
57,110280,30,35838,0.32,530,16,266137,24,0,4,0
27,61320,3,27694,0.45,541,6,173137,12,0,1,0
52,74170,23,28966,0.39,573,16,75060,24,0,1,0
40,125546,11,19164,0.15,678,14,313236,12,0,1,0
60,105201,25,6746,0.06,500,27,246839,12,1,4,1
48,33640,19,6946,0.21,784,24,22185,60,0,0,0
31,161690,5,47483,0.29,624,8,237370,12,0,1,0
47,157992,13,61523,0.39,647,15,190682,36,0,1,0
40,68937,10,35673,0.52,300,6,86945,36,1,4,1
60,168279,21,26577,0.16,596,11,497662,36,0,1,0
24,166871,0,19866,0.12,635,1,351587,60,0,0,0
34,95463,6,55360,0.58,370,5,219010,24,1,2,1
49,118500,16,12966,0.11,685,20,348572,48,0,0,0
41,62158,11,19466,0.31,733,16,89694,12,0,0,0
49,109607,20,40780,0.37,704,17,274521,48,0,0,0
29,144639,6,50299,0.35,557,8,229444,24,0,1,0
62,96696,34,9410,0.1,710,39,258549,24,0,0,0
60,86510,12,7038,0.08,695,32,82326,60,0,0,0
22,145076,1,15670,0.11,622,2,416254,36,0,0,0
24,83692,2,31139,0.37,594,3,87619,36,0,0,0
34,155841,6,54449,0.35,507,8,205016,24,0,2,0
49,40810,21,7286,0.18,714,8,97555,60,0,0,0
46,161198,7,64604,0.4,568,13,239280,60,0,1,0
54,136718,23,68500,0.5,700,30,276242,12,0,0,0
59,115932,15,8447,0.07,733,31,186816,36,0,0,0
27,25192,4,8161,0.32,644,3,59350,24,0,0,0
53,61413,18,26353,0.43,570,18,65762,48,0,2,0
42,168888,8,31881,0.19,645,18,109126,36,0,0,0
37,64082,8,14051,0.22,543,4,80091,12,0,2,0
42,90048,9,34893,0.39,573,11,151800,60,0,1,0
32,148130,2,80562,0.54,576,11,136287,24,0,2,0
58,75940,16,37625,0.5,607,19,105328,36,0,1,0
57,65142,6,24149,0.37,624,9,97710,48,0,0,0
56,61468,14,27760,0.45,680,22,39553,12,0,0,0
40,166727,11,41790,0.25,668,17,326496,12,0,0,0
41,165431,11,66591,0.4,673,14,448460,36,0,0,0
39,154048,11,47200,0.31,448,7,135463,48,1,2,1
62,67056,7,10357,0.15,667,20,133744,12,0,0,0
35,76831,9,33494,0.44,588,8,166096,24,0,0,0
36,84191,5,29976,0.36,681,10,130356,12,0,0,0
52,146948,12,36331,0.25,682,24,331036,48,0,0,0
22,133117,2,73378,0.55,398,1,203246,60,1,1,1
24,39671,0,2440,0.06,654,4,69884,60,0,0,0
37,52048,9,11641,0.22,621,3,26980,36,0,0,0
44,50963,13,4142,0.08,594,11,113611,48,0,2,0
32,68954,5,32518,0.47,604,3,148482,12,0,0,0
33,120430,3,52526,0.44,649,7,71776,12,0,0,0
31,25717,3,5972,0.23,598,7,36534,60,0,1,0
53,36676,25,15463,0.42,653,19,108105,60,0,0,0
37,160506,7,42977,0.27,620,6,249079,24,0,0,0
29,143696,3,66953,0.47,579,7,252166,60,0,1,0
59,155830,16,46717,0.3,516,9,432401,24,0,2,0
33,29994,8,8300,0.28,574,11,68780,12,0,1,0
45,29234,5,16490,0.56,588,23,57157,24,0,1,0
49,94300,12,17726,0.19,580,13,235232,24,0,1,0
29,68949,5,8015,0.12,604,6,183467,36,0,1,0
49,62405,23,23183,0.37,654,14,102482,60,0,0,0
57,59872,10,34912,0.58,543,7,101050,24,0,2,0
47,67215,10,17328,0.26,509,13,98478,12,1,1,0
29,48185,4,4053,0.08,697,8,140544,48,0,0,0
49,66153,16,15652,0.24,606,19,148375,24,0,2,0
49,102535,10,33658,0.33,689,8,72600,60,0,0,0
58,158653,18,22061,0.14,685,31,421604,36,0,0,0
62,76717,28,31604,0.41,703,25,130526,12,0,1,0
57,27763,23,16623,0.6,653,30,18653,36,0,0,0
48,117910,12,35191,0.3,669,18,220997,48,0,1,0
38,80480,14,19725,0.25,518,11,124173,24,1,2,1
30,143094,5,38690,0.27,539,3,385548,24,0,0,0
54,36064,17,4087,0.11,703,11,36424,60,0,0,0
41,101848,2,54570,0.54,642,20,261358,24,0,0,0
34,62548,12,17397,0.28,681,5,118479,12,0,0,0
49,31476,5,8278,0.26,639,27,20035,48,0,0,0
50,115101,8,47517,0.41,618,18,337201,36,0,1,0
34,27382,2,8026,0.29,444,4,48782,48,1,2,1
56,104698,20,42562,0.41,481,10,128484,24,1,2,1
27,178407,2,14949,0.08,677,3,298567,36,0,0,0
39,70095,4,34875,0.5,611,17,185376,60,0,1,0
26,154974,1,87913,0.57,512,3,195617,48,0,1,0
46,52197,4,21234,0.41,630,13,51241,36,0,0,0
23,152619,2,87757,0.58,572,2,125556,36,0,0,0
31,47010,7,6265,0.13,643,3,58510,36,0,0,0
51,112923,12,35297,0.31,657,17,276674,12,0,0,0
26,158962,3,60563,0.38,568,2,266907,48,0,1,0
54,155526,20,57537,0.37,672,28,166211,36,0,0,0
22,134162,0,36331,0.27,637,1,122820,48,0,0,0
39,145927,6,34430,0.24,682,9,194349,36,0,0,0
53,33026,27,3954,0.12,697,18,94117,60,0,0,0
32,89925,7,23871,0.27,677,7,122079,60,0,0,0
42,93842,6,13087,0.14,658,21,278739,60,0,0,0
47,58665,13,26628,0.45,667,16,100497,24,0,0,0
46,34277,9,5650,0.16,657,7,32491,36,0,1,0
43,73008,11,6002,0.08,687,15,199154,24,0,0,0
48,39683,5,14039,0.35,601,9,65512,48,0,0,0
34,156742,3,59150,0.38,547,3,356459,24,0,1,0
54,173961,7,92121,0.53,657,31,514799,48,0,0,0
55,103542,28,38035,0.37,763,27,64759,48,0,0,0
62,79319,26,19037,0.24,691,38,58833,48,0,0,0
56,117067,8,57556,0.49,635,20,269387,24,0,0,0
22,177711,0,61692,0.35,518,2,214064,36,0,2,0
42,172705,14,16165,0.09,624,7,165926,24,0,1,0
27,93975,1,33945,0.36,601,3,56235,36,0,0,0
49,126158,8,69312,0.55,535,24,69969,36,0,2,0
38,36577,15,9801,0.27,652,8,89109,48,0,1,0
26,102299,2,21787,0.21,674,6,85530,24,0,0,0
52,45176,19,5823,0.13,717,23,75412,36,0,0,0
26,88972,6,11859,0.13,462,2,179255,60,1,2,1
59,145018,14,41768,0.29,663,22,227805,36,0,0,0
24,44996,0,16991,0.38,603,4,25547,60,0,0,0
44,125922,7,11879,0.09,723,9,309611,24,0,0,0
58,111598,27,63249,0.57,677,31,58732,24,0,0,0
58,60931,28,28352,0.47,656,23,146522,24,0,0,0
31,149168,8,55586,0.37,566,4,407715,36,0,1,0
31,148099,2,74884,0.51,614,7,234307,12,0,0,0
40,59693,14,5617,0.09,680,19,109766,36,0,0,0
38,133944,14,41825,0.31,642,6,226694,36,0,0,0
42,42374,12,16803,0.4,624,18,62417,48,0,1,0
35,106471,12,53848,0.51,328,5,289447,48,1,4,1
30,70913,8,34102,0.48,557,8,193935,36,0,0,0
22,148683,2,30091,0.2,595,2,199166,60,0,0,0
34,69516,8,39449,0.57,566,6,141650,48,0,0,0
25,112796,2,13353,0.12,633,2,317776,36,0,0,0
22,51069,0,27134,0.53,577,3,148362,12,0,0,0
61,143333,22,83708,0.58,675,22,254043,60,0,0,0
53,109811,11,16189,0.15,660,24,179218,24,0,0,0
55,143028,26,63953,0.45,636,11,171166,36,0,1,0
49,64178,24,4630,0.07,544,24,185935,36,1,2,0
52,57821,21,15784,0.27,643,23,49554,60,0,0,0
29,41999,1,14025,0.33,620,9,81880,48,0,0,0
60,63712,12,23532,0.37,681,12,76860,48,0,0,0
47,58722,5,33164,0.56,376,17,70320,48,1,4,1
55,35625,20,14953,0.42,668,22,53880,24,0,0,0
24,31859,3,10026,0.31,647,2,95480,60,0,0,0
33,135986,11,67356,0.5,576,7,86679,60,0,1,0
22,46839,1,26829,0.57,595,0,91165,48,0,0,0
26,52216,5,3244,0.06,431,5,36886,48,1,2,1
51,77953,23,46022,0.59,568,19,69089,12,0,1,0
51,74522,10,7256,0.1,690,7,119153,12,0,0,0
38,160958,14,80143,0.5,635,13,285885,36,0,1,0
44,136249,9,27819,0.2,636,13,156275,36,0,1,0
36,32485,5,3985,0.12,595,4,41942,60,0,1,0
58,172839,22,50455,0.29,694,35,123997,60,0,0,0
42,137701,7,55655,0.4,594,20,173234,24,0,1,0
35,127638,9,33125,0.26,643,9,372242,24,0,1,0
23,37226,2,2978,0.08,413,1,106532,12,1,3,1
32,118405,6,44958,0.38,616,10,158330,36,0,1,0
60,47588,15,25998,0.55,581,22,91708,12,0,2,0
59,62019,19,16172,0.26,652,16,172039,12,0,2,0
55,90133,19,15230,0.17,708,20,46459,36,0,0,0
59,139444,19,40915,0.29,689,23,352334,24,0,0,0
55,142603,15,10923,0.08,742,21,409402,36,0,0,0
39,153585,2,76987,0.5,570,10,111858,48,0,0,0
51,68395,16,34504,0.5,633,20,61803,48,0,0,0
36,150814,3,56313,0.37,580,15,437641,48,0,0,0
48,137599,16,33602,0.24,634,13,253711,60,0,0,0
55,50939,23,24954,0.49,512,26,27277,24,1,3,1
59,176396,18,62634,0.36,638,33,201811,24,0,2,0
54,178939,17,90232,0.5,563,18,290750,60,0,1,0
45,25203,20,10013,0.4,651,13,56259,12,0,1,0
36,172616,12,83101,0.48,462,11,402696,48,1,1,1
51,171971,24,65213,0.38,580,20,513944,48,0,3,0
63,54063,30,15017,0.28,754,34,65890,12,0,0,0
38,115880,3,66847,0.58,638,10,213862,36,0,0,0
26,28748,1,9993,0.35,597,7,52703,36,0,0,0
50,142269,14,54460,0.38,612,7,215411,24,0,0,0
25,105764,1,18114,0.17,507,1,97610,60,0,1,0
31,176956,5,69739,0.39,613,8,520895,24,0,0,0
38,133036,7,48476,0.36,467,8,350322,36,1,2,1
31,175331,6,26590,0.15,593,4,306098,12,0,2,0
38,141525,12,11714,0.08,715,8,284198,24,0,0,0
41,110679,13,42323,0.38,643,8,118222,48,0,0,0
45,150829,12,70894,0.47,628,5,280461,48,0,0,0
26,153216,5,51767,0.34,625,7,342809,12,0,0,0
55,158175,14,27637,0.17,699,13,282803,36,0,0,0
27,90901,6,37868,0.42,542,6,270495,48,0,1,0
23,172175,0,16194,0.09,560,3,349231,48,0,1,0
34,123046,12,36053,0.29,631,13,175640,60,0,0,0
64,115012,25,16084,0.14,665,10,279522,24,0,1,0
64,103278,16,15641,0.15,694,37,95651,36,0,0,0
32,37391,3,6029,0.16,587,7,54639,24,0,1,0
44,127476,11,33486,0.26,606,16,174310,36,0,1,0
37,145721,4,11385,0.08,693,12,230168,48,0,0,0
52,122537,7,32936,0.27,615,26,300760,60,0,2,0
32,106159,7,35185,0.33,588,6,181577,24,0,1,0
37,156040,8,49279,0.32,657,13,387765,48,0,0,0
29,60503,6,15762,0.26,649,6,117449,36,0,0,0
25,100403,5,51359,0.51,582,5,136063,24,0,0,0
61,89286,20,11600,0.13,730,38,225442,24,0,0,0
25,99842,3,32761,0.33,656,2,109399,48,0,0,0
46,129927,4,10929,0.08,621,25,137847,24,0,0,0
24,39908,3,3557,0.09,582,1,70288,60,0,1,0
53,62228,13,22752,0.37,448,7,71694,60,1,2,1
24,48386,4,17482,0.36,622,1,25292,48,0,0,0
48,53302,20,28405,0.53,670,13,113039,36,0,0,0
50,85815,14,30621,0.36,679,20,152556,48,0,1,0
53,88344,6,51052,0.58,588,8,142569,60,0,0,0
40,136603,15,10488,0.08,675,4,398528,12,0,0,0
42,86114,15,8947,0.1,675,20,166027,12,0,1,0
26,50525,1,3750,0.07,597,6,134324,24,0,1,0
39,104818,6,15922,0.15,595,16,88951,24,0,1,0
49,139589,20,48534,0.35,504,25,268431,12,1,2,1
63,170406,10,69025,0.41,692,31,454975,60,0,0,0
43,119715,18,8987,0.08,638,6,234373,24,0,1,0
42,31644,9,18046,0.57,616,11,72624,48,0,0,0
27,126154,1,64741,0.51,531,6,180413,48,0,0,0
22,68469,2,14593,0.21,585,1,50059,60,0,1,0
26,131609,2,12167,0.09,598,5,216463,24,0,1,0
62,173447,20,24878,0.14,648,9,257776,48,0,0,0
33,90206,2,10808,0.12,627,6,240638,24,0,1,0
47,121462,2,14308,0.12,723,16,134821,24,0,0,0
55,108178,20,36262,0.34,634,23,315537,48,0,2,0
35,111724,7,20693,0.19,647,10,323479,12,0,1,0
47,121393,14,29981,0.25,659,19,135848,48,0,1,0
48,152314,19,90509,0.59,490,6,208689,60,1,1,1
30,101312,6,43196,0.43,300,3,277482,36,1,5,1
47,100324,6,57379,0.57,618,23,292600,48,0,0,0
43,96196,8,12352,0.13,693,16,154740,24,0,0,0
51,95014,24,24720,0.26,692,9,123755,24,0,0,0
64,164282,29,58336,0.36,764,36,298210,48,0,0,0
38,166994,9,15399,0.09,497,7,370630,36,1,1,0
47,58340,8,3051,0.05,666,15,69056,48,0,1,0
57,64850,12,27155,0.42,561,11,151825,36,0,1,0
22,138711,2,55900,0.4,591,2,87269,36,0,0,0
29,36094,7,9959,0.28,634,7,22495,60,0,0,0
56,112959,21,36068,0.32,695,13,165566,24,0,0,0
36,30741,12,8561,0.28,602,14,42535,24,0,2,0
43,136585,15,8632,0.06,698,12,176069,36,0,0,0
35,147564,3,34597,0.23,568,6,254924,24,0,0,0
47,93798,11,13825,0.15,598,8,122109,12,0,2,0
49,141026,6,14685,0.1,620,11,138296,36,0,1,0
44,135130,6,77861,0.58,626,5,172111,24,0,0,0
35,47164,12,17905,0.38,671,10,138532,12,0,0,0
45,55257,11,24907,0.45,538,21,84420,60,0,2,0
23,170283,2,38049,0.22,422,2,274459,24,1,3,1
47,120989,6,32211,0.27,439,10,234883,12,1,3,1
35,161304,5,29084,0.18,514,3,477193,48,1,1,0
28,77691,2,8027,0.1,616,3,85771,48,0,1,0
24,104768,1,15554,0.15,572,2,230825,12,0,2,0
44,39026,14,19069,0.49,687,19,89368,36,0,0,0
64,55908,12,23629,0.42,624,15,112839,36,0,0,0
39,44610,11,15649,0.35,440,14,32183,24,1,2,1
59,88185,5,27451,0.31,662,33,193317,48,0,1,0
56,97567,7,54377,0.56,561,19,64417,36,0,0,0
36,61182,5,5506,0.09,472,13,121773,36,1,3,1
46,141136,14,28838,0.2,694,16,331521,48,0,0,0
58,156642,22,37980,0.24,557,25,160937,60,0,2,0
49,44288,12,21273,0.48,616,17,115328,36,0,0,0
31,103824,5,61866,0.6,629,6,59790,12,0,0,0
60,109425,25,19955,0.18,619,15,285548,24,0,1,0
38,25917,2,13758,0.53,596,8,42784,36,0,0,0
60,100602,14,50989,0.51,563,16,105025,36,0,1,0
43,89575,16,15546,0.17,663,14,74745,60,0,0,0
47,97518,15,26294,0.27,712,8,281170,12,0,0,0
46,64104,9,17649,0.28,635,23,43697,24,0,1,0
38,174134,14,102394,0.59,593,14,173739,36,0,1,0
34,41999,10,6278,0.15,658,7,57519,24,0,0,0
41,166013,6,81269,0.49,377,7,340424,48,1,2,1
46,86169,15,20146,0.23,653,22,160446,36,0,0,0
25,179542,3,81149,0.45,633,5,146166,36,0,0,0
31,154744,4,43484,0.28,558,9,189456,48,0,2,0
24,135684,2,49944,0.37,579,2,148828,60,0,0,0
62,84821,14,43083,0.51,642,21,87692,36,0,0,0
39,160601,11,79062,0.49,588,5,245375,24,0,1,0
57,37192,15,19582,0.53,638,12,84056,12,0,0,0
43,99102,17,8204,0.08,684,18,103426,24,0,0,0
55,139894,21,60242,0.43,630,25,198187,60,0,0,0
29,111795,1,14197,0.13,412,6,165154,12,1,3,1
61,91677,23,25550,0.28,757,35,269635,24,0,0,0
40,160699,6,56521,0.35,521,13,463884,24,1,1,1
63,159327,23,43258,0.27,673,23,398372,48,0,1,0
62,161285,25,54157,0.34,681,19,178082,60,0,0,0
58,127412,10,76203,0.6,632,34,85377,48,0,0,0
27,44404,3,5522,0.12,637,2,57381,12,0,0,0
47,141545,6,59661,0.42,670,24,165181,48,0,0,0
55,175245,5,46930,0.27,705,28,309274,60,0,0,0
27,48989,3,6033,0.12,634,2,119744,36,0,0,0
58,133106,14,18276,0.14,779,23,352172,36,0,0,0
54,49519,28,28329,0.57,681,29,129351,12,0,0,0
43,47439,10,25322,0.53,610,15,66376,36,0,0,0
42,143570,8,78801,0.55,627,20,318450,48,0,1,0
27,39995,4,23810,0.6,520,7,51277,12,0,0,0
27,48559,1,7991,0.16,650,4,31673,60,0,0,0
25,114049,5,27998,0.25,626,3,257056,12,0,0,0
51,161093,17,67348,0.42,720,28,84504,12,0,0,0
32,123000,8,38879,0.32,654,9,187323,24,0,0,0
51,177191,7,49633,0.28,604,9,234503,24,0,1,0
52,64350,13,15881,0.25,492,7,143722,12,1,2,1
45,50517,10,19023,0.38,533,16,122029,36,0,2,0
30,178322,8,65368,0.37,659,10,224727,24,0,0,0
24,114132,0,15841,0.14,596,4,288647,60,0,0,0
52,84546,10,26163,0.31,678,22,104396,48,0,0,0
61,130686,33,46316,0.35,688,12,211164,24,0,0,0
58,113151,17,41148,0.36,607,15,262232,12,0,0,0
57,28327,14,4689,0.17,676,31,63234,36,0,1,0
45,145318,4,66591,0.46,613,8,431365,48,0,0,0
52,140945,26,9000,0.06,699,13,149810,24,0,0,0
27,71830,1,17609,0.25,548,2,154850,36,0,1,0
23,77446,3,37105,0.48,604,3,156766,36,0,0,0
41,171232,14,61667,0.36,672,19,477351,36,0,0,0
49,165148,8,31979,0.19,668,12,147131,12,0,0,0
32,94341,7,40776,0.43,613,7,224483,60,0,0,0
25,56085,1,20306,0.36,589,4,107720,36,0,0,0
36,80571,5,39313,0.49,686,16,95610,48,0,0,0
27,170787,5,77582,0.45,367,2,287961,24,1,3,1
51,153308,23,59109,0.39,647,18,204580,48,0,0,0
59,30750,21,9793,0.32,643,19,59909,12,0,1,0
23,138931,2,17123,0.12,638,4,378239,12,0,0,0
36,103768,3,20103,0.19,635,9,199573,48,0,0,0
32,60903,2,17083,0.28,674,3,126635,60,0,0,0
29,116036,2,44048,0.38,537,7,208501,12,0,1,0
47,112954,7,37561,0.33,477,21,70925,12,1,2,1
26,108014,2,22521,0.21,592,1,116886,48,0,0,0
27,142305,3,7621,0.05,566,7,246188,12,0,2,0
47,57101,9,18439,0.32,690,9,72837,60,0,0,0
25,27775,1,5752,0.21,636,4,26508,60,0,0,0
40,136497,10,61974,0.45,630,10,240280,60,0,0,0
41,70619,15,4461,0.06,634,16,92300,24,0,1,0
54,175611,10,65266,0.37,633,16,201121,60,0,0,0
41,82124,17,46630,0.57,649,18,136322,60,0,1,0
33,90149,10,13155,0.15,682,10,75113,24,0,0,0
22,51616,0,15970,0.31,377,2,145524,36,1,3,1
47,86799,18,8704,0.1,646,21,231688,12,0,2,0
35,115221,8,45411,0.39,559,12,261442,60,0,2,0
59,139879,20,49348,0.35,630,9,107082,12,0,0,0
58,50479,14,13833,0.27,624,19,123153,48,0,1,0
32,124165,6,41813,0.34,560,11,312882,12,1,1,1
57,80863,14,43917,0.54,550,11,195640,24,0,2,0
34,107569,7,16991,0.16,614,11,84432,12,0,0,0
64,171480,24,10702,0.06,784,40,361783,12,0,0,0
24,41351,3,21664,0.52,619,1,106925,12,0,0,0
54,160203,17,58860,0.37,429,24,311335,36,1,3,1
27,69825,5,37695,0.54,533,4,147750,36,0,1,0
31,36349,2,13751,0.38,654,7,59827,48,0,0,0
26,69254,1,34321,0.5,582,2,126164,24,0,0,0
44,63225,17,18102,0.29,426,5,37046,12,1,3,1
31,37453,4,17319,0.46,564,8,78554,12,0,0,0
23,174886,0,96567,0.55,605,3,123052,12,0,0,0
34,174335,3,63574,0.36,618,11,276763,12,0,0,0
61,102694,11,15345,0.15,632,24,126481,36,0,0,0
23,40735,3,8058,0.2,580,1,75912,48,0,0,0
41,171902,11,27376,0.16,661,15,143287,60,0,0,0
22,72893,3,13541,0.19,597,1,162486,24,0,0,0
58,152006,20,33217,0.22,695,33,378119,12,0,0,0
30,70066,5,24896,0.36,694,9,63646,48,0,0,0
38,159445,6,59536,0.37,653,13,121303,60,0,0,0
30,166407,6,47355,0.28,562,10,143740,48,0,0,0
32,179813,2,69854,0.39,592,3,484203,36,0,0,0
36,35692,13,3385,0.09,463,12,64976,60,1,3,1
45,70541,18,6933,0.1,608,11,117673,48,0,1,0
59,91983,13,13292,0.14,739,34,70530,36,0,0,0
56,175655,29,58834,0.33,625,14,373071,48,0,0,0
51,178837,22,29990,0.17,667,23,477494,48,0,2,0
52,179978,19,37040,0.21,753,27,462627,60,0,0,0
26,145747,1,39376,0.27,684,1,300987,36,0,0,0
35,110103,7,54669,0.5,557,8,75772,12,0,0,0
32,175592,6,10118,0.06,491,10,137136,24,1,1,0
30,50566,3,20588,0.41,587,6,31516,60,0,1,0
55,98193,5,41033,0.42,620,14,112303,36,0,1,0
33,166417,9,81421,0.49,548,5,139649,48,0,2,0
56,146015,7,82208,0.56,634,11,167934,36,0,0,0
56,155956,19,9525,0.06,780,30,228108,24,0,0,0
22,95744,3,12885,0.13,646,2,273584,24,0,0,0
61,58455,30,31413,0.54,642,10,118426,12,0,0,0
43,79219,7,23938,0.3,599,11,204973,12,0,0,0
50,70991,22,25594,0.36,439,14,161566,24,1,3,1
29,98616,1,40892,0.41,552,3,77044,60,0,1,0
32,112438,1,47615,0.42,534,7,263082,60,0,1,0
62,141841,22,79779,0.56,606,19,168471,48,0,1,0
58,165558,14,99057,0.6,590,17,347302,12,0,0,0
35,83870,6,37413,0.45,611,12,113426,48,0,1,0
51,111694,16,23229,0.21,645,11,334432,12,0,1,0
56,68856,8,36759,0.53,440,24,79795,24,1,2,1
42,126407,5,9742,0.08,501,14,151413,60,1,2,0
58,56379,17,9984,0.18,629,23,159365,60,0,1,0
26,89729,5,48773,0.54,518,5,50392,24,0,1,0
40,79353,11,15148,0.19,648,12,177887,48,0,0,0
35,39031,5,6688,0.17,654,13,90291,48,0,0,0
47,90982,11,11460,0.13,654,19,235729,36,0,1,0
25,61683,1,32230,0.52,586,4,181107,12,0,0,0
46,139091,4,45209,0.33,610,21,408789,48,0,0,0
63,142797,29,60144,0.42,698,28,94701,24,0,0,0
46,173690,8,31522,0.18,636,11,443708,48,0,0,0
39,31587,4,14748,0.47,499,7,66830,60,0,0,0
61,87790,25,41085,0.47,707,13,185970,12,0,1,0
29,56480,5,12534,0.22,401,9,46363,36,1,3,1
60,176599,22,48719,0.28,607,29,375355,12,0,2,0
61,48569,11,8029,0.17,678,36,143579,60,0,0,0
35,36151,4,21224,0.59,517,10,100483,60,0,1,0
53,69739,8,28249,0.41,634,18,111430,60,0,0,0
59,57954,9,32686,0.56,642,9,34764,60,0,0,0
54,134373,20,29140,0.22,699,24,188892,24,0,0,0
44,59700,18,28658,0.48,594,15,153188,36,0,1,0
36,148728,10,70083,0.47,627,16,335195,60,0,1,0
54,91788,23,39506,0.43,641,13,151299,60,0,0,0
46,96045,10,55811,0.58,615,16,61253,48,0,0,0
38,169972,11,45289,0.27,629,13,266386,36,0,0,0
54,152992,12,18648,0.12,752,23,255888,12,0,0,0
23,105059,2,44065,0.42,446,2,296412,36,1,2,1
35,26881,7,12126,0.45,575,12,56523,36,0,1,0
61,157702,9,57763,0.37,628,14,201721,36,0,0,0
61,45789,15,7497,0.16,675,30,83028,60,0,1,0
60,151083,32,49472,0.33,672,26,100491,60,0,1,0
27,113059,2,25065,0.22,408,7,331423,24,1,2,1
27,71151,1,20285,0.29,654,7,99622,12,0,0,0
24,134388,2,54409,0.4,591,2,227743,48,0,0,0
28,28262,6,12996,0.46,655,3,39233,36,0,0,0
29,91981,5,16347,0.18,623,9,202935,12,0,1,0
63,145951,25,39834,0.27,593,25,314609,12,0,1,0
36,148099,4,29329,0.2,619,15,338895,24,0,0,0
50,106972,17,17035,0.16,615,10,125195,48,0,0,0
54,100485,11,48319,0.48,567,23,129542,36,0,1,0
51,79722,22,43854,0.55,612,25,64824,48,0,0,0
60,114499,22,29040,0.25,696,36,244887,24,0,1,0
48,31901,7,14776,0.46,571,13,19124,60,0,1,0
57,142473,5,77412,0.54,575,27,284120,12,0,2,0
50,33597,4,17314,0.52,614,18,89846,36,0,0,0
59,154631,14,23279,0.15,666,9,421691,60,0,0,0
54,88909,10,51208,0.58,651,24,144263,24,0,1,0
58,97391,22,25046,0.26,715,27,160525,48,0,0,0
48,164335,13,38878,0.24,647,25,113789,12,0,1,0
54,88293,10,7446,0.08,670,19,192206,36,0,0,0
25,36874,1,11703,0.32,572,2,94144,60,0,0,0
43,111402,4,12249,0.11,494,5,123838,60,1,2,0
23,39079,3,7295,0.19,652,2,60699,12,0,0,0
31,97779,3,21933,0.22,640,5,253941,48,0,1,0
